"home_team","away_team","expected_home_goals","expected_away_goals","predicted_score","home_win_prob","draw_prob","away_win_prob","ci80_home_low","ci80_home_high","ci80_away_low","ci80_away_high","ci95_home_low","ci95_home_high","ci95_away_low","ci95_away_high"
"Arsenal","Aston Villa",2.09,0.87,"2-0",0.6563,0.1985,0.1452,0,4,0,2,0,5,0,3
"Arsenal","Bournemouth",2.38,0.75,"2-0",0.7373,0.1639,0.0988,1,4,0,2,0,6,0,3
"Arsenal","Brentford",2.22,0.85,"2-0",0.6854,0.1852,0.1294,0,4,0,2,0,6,0,3
"Arsenal","Brighton",2.22,0.88,"2-0",0.6779,0.1865,0.1356,0,4,0,2,0,6,0,3
"Arsenal","Burnley",3.01,0.58,"3-0",0.8544,0.1011,0.0442,1,5,0,2,0,7,0,2
"Arsenal","Chelsea",2.07,0.85,"2-0",0.6554,0.2001,0.1445,0,4,0,2,0,5,0,3
"Arsenal","Crystal Palace",2.08,0.68,"2-0",0.7011,0.1894,0.1094,0,4,0,2,0,5,0,3
"Arsenal","Everton",2,0.58,"2-0",0.7094,0.1928,0.0978,0,4,0,2,0,5,0,2
"Arsenal","Fulham",2.19,0.76,"2-0",0.702,0.1827,0.1153,0,4,0,2,0,5,0,3
"Arsenal","Leeds",2.67,0.72,"2-0",0.7858,0.1375,0.0766,1,5,0,2,0,6,0,3
"Arsenal","Liverpool",1.87,1.11,"1-1",0.5509,0.2256,0.2234,0,4,0,3,0,5,0,4
"Arsenal","Manchester City",1.51,1.2,"1-1",0.4428,0.2543,0.3029,0,3,0,3,0,4,0,4
"Arsenal","Manchester United",2.06,0.82,"2-0",0.6625,0.199,0.1385,0,4,0,2,0,5,0,3
"Arsenal","Newcastle United",2,0.98,"2-0",0.6106,0.2109,0.1784,0,4,0,2,0,5,0,3
"Arsenal","Nottingham Forest",2.32,0.7,"2-0",0.738,0.1669,0.0951,1,4,0,2,0,6,0,3
"Arsenal","Sunderland",1.89,0.62,"1-0",0.6773,0.2083,0.1143,0,4,0,2,0,5,0,3
"Arsenal","Tottenham Hotspur",2.49,0.93,"2-0",0.7149,0.1651,0.12,1,5,0,2,0,6,0,3
"Arsenal","West Ham United",2.56,0.7,"2-0",0.7738,0.1455,0.0806,1,5,0,2,0,6,0,3
"Arsenal","Wolverhampton Wanderers",2.58,0.59,"2-0",0.8018,0.1349,0.0632,1,5,0,2,0,6,0,2
"Aston Villa","Arsenal",1.05,1.72,"1-1",0.2301,0.2381,0.5318,0,2,0,3,0,3,0,5
"Aston Villa","Bournemouth",1.83,1.15,"1-1",0.5342,0.2289,0.237,0,4,0,3,0,5,0,4
"Aston Villa","Brentford",1.7,1.3,"1-1",0.4704,0.2376,0.292,0,3,0,3,0,5,0,4
"Aston Villa","Brighton",1.71,1.35,"1-1",0.4593,0.2363,0.3044,0,3,0,3,0,5,0,4
"Aston Villa","Burnley",2.32,0.89,"2-0",0.6936,0.1783,0.1281,1,4,0,2,0,6,0,3
"Aston Villa","Chelsea",1.59,1.3,"1-1",0.441,0.2455,0.3135,0,3,0,3,0,4,0,4
"Aston Villa","Crystal Palace",1.6,1.04,"1-1",0.5043,0.2496,0.246,0,3,0,2,0,4,0,3
"Aston Villa","Everton",1.54,0.89,"1-0",0.5239,0.2571,0.2189,0,3,0,2,0,4,0,3
"Aston Villa","Fulham",1.69,1.16,"1-1",0.4962,0.2408,0.263,0,3,0,3,0,5,0,4
"Aston Villa","Leeds",2.05,1.1,"2-1",0.5916,0.2099,0.1984,0,4,0,3,0,5,0,4
"Aston Villa","Liverpool",1.43,1.69,"1-1",0.3262,0.2352,0.4386,0,3,0,3,0,4,0,5
"Aston Villa","Manchester City",1.16,1.84,"1-1",0.2387,0.2283,0.5329,0,3,0,4,0,4,0,5
"Aston Villa","Manchester United",1.58,1.25,"1-1",0.4511,0.2471,0.3019,0,3,0,3,0,4,0,4
"Aston Villa","Newcastle United",1.54,1.5,"1-1",0.3874,0.2411,0.3715,0,3,0,3,0,4,0,4
"Aston Villa","Nottingham Forest",1.78,1.07,"1-1",0.5407,0.2331,0.2262,0,4,0,2,0,5,0,3
"Aston Villa","Sunderland",1.45,0.95,"1-0",0.4872,0.2656,0.2471,0,3,0,2,0,4,0,3
"Aston Villa","Tottenham Hotspur",1.91,1.42,"1-1",0.4919,0.222,0.2862,0,4,0,3,0,5,0,4
"Aston Villa","West Ham United",1.96,1.08,"1-1",0.5796,0.2167,0.2037,0,4,0,2,0,5,0,3
"Aston Villa","Wolverhampton Wanderers",1.98,0.9,"1-0",0.6255,0.2106,0.1639,0,4,0,2,0,5,0,3
"Bournemouth","Arsenal",0.91,1.97,"0-1",0.1668,0.2122,0.6211,0,2,0,4,0,3,0,5
"Bournemouth","Aston Villa",1.39,1.51,"1-1",0.3489,0.2473,0.4038,0,3,0,3,0,4,0,4
"Bournemouth","Brentford",1.47,1.48,"1-1",0.3763,0.2453,0.3784,0,3,0,3,0,4,0,4
"Bournemouth","Brighton",1.48,1.54,"1-1",0.3649,0.2421,0.393,0,3,0,3,0,4,0,4
"Bournemouth","Burnley",2,1.01,"2-1",0.6031,0.2118,0.185,0,4,0,2,0,5,0,3
"Bournemouth","Chelsea",1.37,1.49,"1-1",0.3501,0.2494,0.4005,0,3,0,3,0,4,0,4
"Bournemouth","Crystal Palace",1.38,1.18,"1-1",0.4148,0.2642,0.321,0,3,0,3,0,4,0,4
"Bournemouth","Everton",1.33,1.02,"1-1",0.4376,0.2758,0.2865,0,3,0,2,0,4,0,3
"Bournemouth","Fulham",1.46,1.33,"1-1",0.4035,0.253,0.3435,0,3,0,3,0,4,0,4
"Bournemouth","Leeds",1.77,1.26,"1-1",0.4945,0.2332,0.2723,0,4,0,3,0,5,0,4
"Bournemouth","Liverpool",1.24,1.93,"1-1",0.2434,0.221,0.5356,0,3,0,4,0,4,0,5
"Bournemouth","Manchester City",1,2.1,"1-2",0.1715,0.2029,0.6256,0,2,0,4,0,3,0,5
"Bournemouth","Manchester United",1.37,1.43,"1-1",0.3604,0.2527,0.3869,0,3,0,3,0,4,0,4
"Bournemouth","Newcastle United",1.33,1.71,"1-1",0.2986,0.2362,0.4652,0,3,0,3,0,4,0,5
"Bournemouth","Nottingham Forest",1.54,1.22,"1-1",0.4475,0.2514,0.3011,0,3,0,3,0,4,0,4
"Bournemouth","Sunderland",1.26,1.09,"1-1",0.402,0.2794,0.3186,0,3,0,2,0,4,0,3
"Bournemouth","Tottenham Hotspur",1.66,1.62,"1-1",0.392,0.2311,0.3769,0,3,0,3,0,5,0,4
"Bournemouth","West Ham United",1.7,1.23,"1-1",0.4838,0.239,0.2772,0,3,0,3,0,5,0,4
"Bournemouth","Wolverhampton Wanderers",1.71,1.03,"1-1",0.5342,0.2391,0.2266,0,3,0,2,0,5,0,3
"Brentford","Arsenal",1.03,1.83,"1-1",0.2099,0.2281,0.5621,0,2,0,4,0,3,0,5
"Brentford","Aston Villa",1.57,1.41,"1-1",0.4145,0.2433,0.3422,0,3,0,3,0,4,0,4
"Brentford","Bournemouth",1.79,1.22,"1-1",0.5087,0.232,0.2592,0,4,0,3,0,5,0,4
"Brentford","Brighton",1.67,1.43,"1-1",0.4328,0.2366,0.3306,0,3,0,3,0,5,0,4
"Brentford","Burnley",2.26,0.94,"2-0",0.6718,0.1855,0.1427,0,4,0,2,0,6,0,3
"Brentford","Chelsea",1.55,1.38,"1-1",0.4154,0.2451,0.3395,0,3,0,3,0,4,0,4
"Brentford","Crystal Palace",1.57,1.1,"1-1",0.4804,0.2519,0.2677,0,3,0,3,0,4,0,4
"Brentford","Everton",1.5,0.95,"1-0",0.5015,0.2603,0.2383,0,3,0,2,0,4,0,3
"Brentford","Fulham",1.65,1.23,"1-1",0.471,0.2427,0.2863,0,3,0,3,0,5,0,4
"Brentford","Leeds",2,1.17,"2-1",0.5665,0.2149,0.2187,0,4,0,3,0,5,0,4
"Brentford","Liverpool",1.4,1.8,"1-1",0.301,0.2295,0.4695,0,3,0,4,0,4,0,5
"Brentford","Manchester City",1.13,1.95,"1-1",0.2172,0.2187,0.5641,0,3,0,4,0,4,0,5
"Brentford","Manchester United",1.55,1.33,"1-1",0.4257,0.2471,0.3271,0,3,0,3,0,4,0,4
"Brentford","Newcastle United",1.51,1.59,"1-1",0.3614,0.2383,0.4003,0,3,0,3,0,4,0,4
"Brentford","Nottingham Forest",1.74,1.13,"1-1",0.5161,0.2366,0.2473,0,3,0,3,0,5,0,4
"Brentford","Sunderland",1.42,1.01,"1-1",0.4646,0.2674,0.268,0,3,0,2,0,4,0,3
"Brentford","Tottenham Hotspur",1.87,1.51,"1-1",0.4641,0.2234,0.3125,0,4,0,3,0,5,0,4
"Brentford","West Ham United",1.92,1.14,"1-1",0.5547,0.2213,0.224,0,4,0,3,0,5,0,4
"Brentford","Wolverhampton Wanderers",1.94,0.96,"1-0",0.6027,0.2166,0.1807,0,4,0,2,0,5,0,3
"Brighton","Arsenal",1.07,1.83,"1-1",0.2193,0.2281,0.5526,0,2,0,4,0,3,0,5
"Brighton","Aston Villa",1.64,1.41,"1-1",0.43,0.2393,0.3308,0,3,0,3,0,5,0,4
"Brighton","Bournemouth",1.87,1.22,"1-1",0.5256,0.2261,0.2483,0,4,0,3,0,5,0,4
"Brighton","Brentford",1.74,1.38,"1-1",0.4603,0.2339,0.3058,0,3,0,3,0,5,0,4
"Brighton","Burnley",2.36,0.94,"2-0",0.6888,0.1771,0.1341,1,4,0,2,0,6,0,3
"Brighton","Chelsea",1.62,1.38,"1-1",0.4309,0.241,0.3281,0,3,0,3,0,4,0,4
"Brighton","Crystal Palace",1.63,1.1,"1-1",0.4964,0.246,0.2575,0,3,0,3,0,5,0,4
"Brighton","Everton",1.57,0.95,"1-0",0.5174,0.2536,0.229,0,3,0,2,0,4,0,3
"Brighton","Fulham",1.72,1.24,"1-1",0.4872,0.2373,0.2754,0,3,0,3,0,5,0,4
"Brighton","Leeds",2.09,1.17,"2-1",0.5839,0.208,0.2081,0,4,0,3,0,5,0,4
"Brighton","Liverpool",1.46,1.8,"1-1",0.314,0.2282,0.4578,0,3,0,4,0,4,0,5
"Brighton","Manchester City",1.18,1.96,"1-1",0.2272,0.2189,0.554,0,3,0,4,0,4,0,5
"Brighton","Manchester United",1.62,1.33,"1-1",0.4413,0.2428,0.316,0,3,0,3,0,4,0,4
"Brighton","Newcastle United",1.57,1.6,"1-1",0.3759,0.2356,0.3885,0,3,0,3,0,4,0,4
"Brighton","Nottingham Forest",1.81,1.13,"1-1",0.5328,0.2303,0.2369,0,4,0,3,0,5,0,4
"Brighton","Sunderland",1.48,1.01,"1-1",0.48,0.2615,0.2585,0,3,0,2,0,4,0,3
"Brighton","Tottenham Hotspur",1.95,1.51,"1-1",0.481,0.2188,0.3001,0,4,0,3,0,5,0,4
"Brighton","West Ham United",2,1.15,"2-1",0.5719,0.2146,0.2135,0,4,0,3,0,5,0,4
"Brighton","Wolverhampton Wanderers",2.02,0.96,"2-0",0.6197,0.2087,0.1716,0,4,0,2,0,5,0,3
"Burnley","Arsenal",0.7,2.49,"0-2",0.0847,0.1515,0.7638,0,2,1,5,0,3,0,6
"Burnley","Aston Villa",1.08,1.91,"1-1",0.2103,0.2214,0.5683,0,2,0,4,0,3,0,5
"Burnley","Bournemouth",1.23,1.65,"1-1",0.2842,0.2426,0.4732,0,3,0,3,0,4,0,5
"Burnley","Brentford",1.14,1.87,"1-1",0.2308,0.2257,0.5435,0,3,0,4,0,4,0,5
"Burnley","Brighton",1.14,1.95,"1-1",0.2203,0.2191,0.5606,0,3,0,4,0,4,0,5
"Burnley","Chelsea",1.06,1.88,"1-1",0.2121,0.2241,0.5638,0,2,0,4,0,3,0,5
"Burnley","Crystal Palace",1.07,1.5,"1-1",0.2714,0.2585,0.4701,0,2,0,3,0,3,0,4
"Burnley","Everton",1.03,1.29,"1-1",0.2969,0.2792,0.4239,0,2,0,3,0,3,0,4
"Burnley","Fulham",1.13,1.68,"1-1",0.2567,0.2419,0.5014,0,3,0,3,0,4,0,5
"Burnley","Leeds",1.37,1.59,"1-1",0.3302,0.243,0.4268,0,3,0,3,0,4,0,4
"Burnley","Liverpool",0.96,2.44,"0-2",0.1295,0.1708,0.6996,0,2,1,5,0,3,0,6
"Burnley","Manchester City",0.78,2.65,"0-2",0.0851,0.1426,0.7722,0,2,1,5,0,3,0,6
"Burnley","Manchester United",1.06,1.81,"1-1",0.2214,0.2306,0.5481,0,2,0,4,0,3,0,5
"Burnley","Newcastle United",1.03,2.17,"1-2",0.1698,0.1976,0.6326,0,2,0,4,0,3,0,5
"Burnley","Nottingham Forest",1.19,1.54,"1-1",0.2951,0.2521,0.4528,0,3,0,3,0,4,0,4
"Burnley","Sunderland",0.97,1.37,"0-1",0.2663,0.2733,0.4604,0,2,0,3,0,3,0,4
"Burnley","Tottenham Hotspur",1.28,2.05,"1-2",0.2366,0.2127,0.5507,0,3,0,4,0,4,0,5
"Burnley","West Ham United",1.32,1.55,"1-1",0.3231,0.2472,0.4297,0,3,0,3,0,4,0,4
"Burnley","Wolverhampton Wanderers",1.33,1.3,"1-1",0.3754,0.2624,0.3623,0,3,0,3,0,4,0,4
"Chelsea","Arsenal",1.03,1.71,"1-1",0.2285,0.2398,0.5318,0,2,0,3,0,3,0,5
"Chelsea","Aston Villa",1.58,1.31,"1-1",0.4366,0.2459,0.3175,0,3,0,3,0,4,0,4
"Chelsea","Bournemouth",1.8,1.13,"1-1",0.5298,0.2315,0.2387,0,4,0,3,0,5,0,4
"Chelsea","Brentford",1.67,1.28,"1-1",0.4665,0.2399,0.2936,0,3,0,3,0,5,0,4
"Chelsea","Brighton",1.68,1.34,"1-1",0.4555,0.2385,0.306,0,3,0,3,0,5,0,4
"Chelsea","Burnley",2.28,0.88,"2-0",0.6887,0.1814,0.1299,0,4,0,2,0,6,0,3
"Chelsea","Crystal Palace",1.57,1.03,"1-1",0.5001,0.2523,0.2476,0,3,0,2,0,4,0,3
"Chelsea","Everton",1.51,0.88,"1-0",0.5195,0.2601,0.2204,0,3,0,2,0,4,0,3
"Chelsea","Fulham",1.66,1.15,"1-1",0.492,0.2433,0.2646,0,3,0,3,0,5,0,4
"Chelsea","Leeds",2.01,1.09,"2-1",0.587,0.2126,0.2004,0,4,0,2,0,5,0,4
"Chelsea","Liverpool",1.41,1.68,"1-1",0.3236,0.2369,0.4395,0,3,0,3,0,4,0,5
"Chelsea","Manchester City",1.14,1.82,"1-1",0.237,0.2299,0.5331,0,3,0,4,0,4,0,5
"Chelsea","Manchester United",1.56,1.24,"1-1",0.4473,0.2494,0.3033,0,3,0,3,0,4,0,4
"Chelsea","Newcastle United",1.51,1.49,"1-1",0.3842,0.243,0.3728,0,3,0,3,0,4,0,4
"Chelsea","Nottingham Forest",1.75,1.05,"1-1",0.5363,0.2358,0.2279,0,4,0,2,0,5,0,3
"Chelsea","Sunderland",1.43,0.94,"1-0",0.4831,0.2685,0.2485,0,3,0,2,0,4,0,3
"Chelsea","Tottenham Hotspur",1.88,1.4,"1-1",0.4878,0.2242,0.288,0,4,0,3,0,5,0,4
"Chelsea","West Ham United",1.93,1.07,"1-1",0.5749,0.2195,0.2056,0,4,0,2,0,5,0,3
"Chelsea","Wolverhampton Wanderers",1.95,0.89,"1-0",0.6206,0.2137,0.1656,0,4,0,2,0,5,0,3
"Crystal Palace","Arsenal",0.82,1.72,"0-1",0.1769,0.2362,0.5869,0,2,0,3,0,3,0,5
"Crystal Palace","Aston Villa",1.26,1.32,"1-1",0.3528,0.265,0.3822,0,3,0,3,0,4,0,4
"Crystal Palace","Bournemouth",1.44,1.14,"1-1",0.4378,0.2618,0.3004,0,3,0,3,0,4,0,4
"Crystal Palace","Brentford",1.34,1.29,"1-1",0.3791,0.2622,0.3587,0,3,0,3,0,4,0,4
"Crystal Palace","Brighton",1.34,1.35,"1-1",0.3686,0.259,0.3724,0,3,0,3,0,4,0,4
"Crystal Palace","Burnley",1.82,0.89,"1-0",0.5932,0.227,0.1797,0,4,0,2,0,5,0,3
"Crystal Palace","Chelsea",1.24,1.3,"1-1",0.3538,0.2672,0.379,0,3,0,3,0,4,0,4
"Crystal Palace","Everton",1.21,0.89,"1-0",0.4329,0.2948,0.2723,0,3,0,2,0,4,0,3
"Crystal Palace","Fulham",1.32,1.16,"1-1",0.4038,0.2701,0.3261,0,3,0,3,0,4,0,4
"Crystal Palace","Leeds",1.61,1.1,"1-1",0.491,0.2483,0.2606,0,3,0,2,0,4,0,4
"Crystal Palace","Liverpool",1.12,1.69,"1-1",0.2531,0.2408,0.506,0,3,0,3,0,4,0,5
"Crystal Palace","Manchester City",0.91,1.83,"0-1",0.1825,0.2257,0.5918,0,2,0,4,0,3,0,5
"Crystal Palace","Manchester United",1.24,1.25,"1-1",0.3631,0.2706,0.3663,0,3,0,3,0,4,0,4
"Crystal Palace","Newcastle United",1.21,1.5,"1-1",0.3057,0.2547,0.4397,0,3,0,3,0,4,0,4
"Crystal Palace","Nottingham Forest",1.39,1.06,"1-1",0.4451,0.2681,0.2867,0,3,0,2,0,4,0,3
"Crystal Palace","Sunderland",1.14,0.95,"1-0",0.3994,0.2988,0.3019,0,3,0,2,0,4,0,3
"Crystal Palace","Tottenham Hotspur",1.5,1.42,"1-1",0.3956,0.2466,0.3577,0,3,0,3,0,4,0,4
"Crystal Palace","West Ham United",1.54,1.07,"1-1",0.4803,0.2547,0.265,0,3,0,2,0,4,0,3
"Crystal Palace","Wolverhampton Wanderers",1.55,0.9,"1-0",0.5266,0.2555,0.2179,0,3,0,2,0,4,0,3
"Everton","Arsenal",0.71,1.65,"0-1",0.1576,0.2417,0.6007,0,2,0,3,0,3,0,5
"Everton","Aston Villa",1.08,1.27,"1-1",0.3154,0.2784,0.4062,0,2,0,3,0,3,0,4
"Everton","Bournemouth",1.24,1.1,"1-1",0.3938,0.2804,0.3258,0,3,0,2,0,4,0,4
"Everton","Brentford",1.15,1.24,"1-1",0.3394,0.2769,0.3837,0,3,0,3,0,4,0,4
"Everton","Brighton",1.15,1.29,"1-1",0.3297,0.2727,0.3977,0,3,0,3,0,4,0,4
"Everton","Burnley",1.56,0.85,"1-0",0.5413,0.2544,0.2043,0,3,0,2,0,4,0,3
"Everton","Chelsea",1.07,1.25,"1-1",0.3164,0.2809,0.4027,0,2,0,3,0,3,0,4
"Everton","Crystal Palace",1.08,1,"1-0",0.3714,0.3013,0.3273,0,2,0,2,0,3,0,3
"Everton","Fulham",1.14,1.11,"1-1",0.3624,0.2873,0.3503,0,3,0,3,0,4,0,4
"Everton","Leeds",1.38,1.06,"1-1",0.4433,0.2694,0.2873,0,3,0,2,0,4,0,3
"Everton","Liverpool",0.97,1.62,"0-1",0.225,0.2478,0.5273,0,2,0,3,0,3,0,5
"Everton","Manchester City",0.78,1.76,"0-1",0.1623,0.2304,0.6073,0,2,0,4,0,3,0,5
"Everton","Manchester United",1.07,1.2,"1-1",0.3251,0.2852,0.3898,0,2,0,3,0,3,0,4
"Everton","Newcastle United",1.04,1.44,"1-1",0.2724,0.2648,0.4629,0,2,0,3,0,3,0,4
"Everton","Nottingham Forest",1.2,1.02,"1-1",0.4008,0.288,0.3111,0,3,0,2,0,4,0,3
"Everton","Sunderland",0.98,0.91,"0-0",0.359,0.3188,0.3223,0,2,0,2,0,3,0,3
"Everton","Tottenham Hotspur",1.29,1.36,"1-1",0.3539,0.2606,0.3855,0,3,0,3,0,4,0,4
"Everton","West Ham United",1.33,1.03,"1-1",0.4334,0.2757,0.2908,0,3,0,2,0,4,0,3
"Everton","Wolverhampton Wanderers",1.34,0.86,"1-0",0.4776,0.2807,0.2417,0,3,0,2,0,4,0,3
"Fulham","Arsenal",0.92,1.81,"0-1",0.1883,0.2282,0.5835,0,2,0,4,0,3,0,5
"Fulham","Aston Villa",1.41,1.39,"1-1",0.3775,0.2528,0.3697,0,3,0,3,0,4,0,4
"Fulham","Bournemouth",1.61,1.2,"1-1",0.4676,0.2465,0.2859,0,3,0,3,0,4,0,4
"Fulham","Brentford",1.5,1.36,"1-1",0.4055,0.2493,0.3452,0,3,0,3,0,4,0,4
"Fulham","Brighton",1.5,1.42,"1-1",0.3944,0.2467,0.3589,0,3,0,3,0,4,0,4
"Fulham","Burnley",2.03,0.93,"2-0",0.6285,0.2066,0.1648,0,4,0,2,0,5,0,3
"Fulham","Chelsea",1.39,1.37,"1-1",0.3785,0.2548,0.3667,0,3,0,3,0,4,0,4
"Fulham","Crystal Palace",1.4,1.09,"1-1",0.4414,0.2662,0.2923,0,3,0,2,0,4,0,4
"Fulham","Everton",1.35,0.94,"1-0",0.4624,0.2768,0.2608,0,3,0,2,0,4,0,3
"Fulham","Leeds",1.8,1.16,"1-1",0.5233,0.2316,0.2451,0,4,0,3,0,5,0,4
"Fulham","Liverpool",1.26,1.78,"1-1",0.2707,0.2325,0.4967,0,3,0,4,0,4,0,5
"Fulham","Manchester City",1.02,1.93,"1-1",0.1944,0.2185,0.5871,0,2,0,4,0,3,0,5
"Fulham","Manchester United",1.39,1.32,"1-1",0.3885,0.2576,0.3539,0,3,0,3,0,4,0,4
"Fulham","Newcastle United",1.35,1.58,"1-1",0.3271,0.2446,0.4283,0,3,0,3,0,4,0,4
"Fulham","Nottingham Forest",1.56,1.12,"1-1",0.4752,0.2519,0.2729,0,3,0,3,0,4,0,4
"Fulham","Sunderland",1.27,1,"1-0",0.427,0.2821,0.291,0,3,0,2,0,4,0,3
"Fulham","Tottenham Hotspur",1.68,1.49,"1-1",0.4233,0.2343,0.3424,0,3,0,3,0,5,0,4
"Fulham","West Ham United",1.72,1.13,"1-1",0.5121,0.2379,0.25,0,3,0,3,0,5,0,4
"Fulham","Wolverhampton Wanderers",1.74,0.95,"1-0",0.5601,0.2361,0.2038,0,3,0,2,0,5,0,3
"Leeds","Arsenal",0.87,2.2,"0-2",0.136,0.1881,0.6758,0,2,0,4,0,3,0,5
"Leeds","Aston Villa",1.34,1.69,"1-1",0.3041,0.2377,0.4582,0,3,0,3,0,4,0,5
"Leeds","Bournemouth",1.53,1.46,"1-1",0.3923,0.2434,0.3643,0,3,0,3,0,4,0,4
"Leeds","Brentford",1.42,1.65,"1-1",0.3302,0.238,0.4318,0,3,0,3,0,4,0,5
"Leeds","Brighton",1.42,1.72,"1-1",0.3185,0.2337,0.4478,0,3,0,3,0,4,0,5
"Leeds","Burnley",1.93,1.13,"1-1",0.559,0.2205,0.2205,0,4,0,3,0,5,0,4
"Leeds","Chelsea",1.32,1.66,"1-1",0.3057,0.2399,0.4544,0,3,0,3,0,4,0,5
"Leeds","Crystal Palace",1.33,1.33,"1-1",0.3717,0.2604,0.3679,0,3,0,3,0,4,0,4
"Leeds","Everton",1.28,1.14,"1-1",0.3967,0.2742,0.329,0,3,0,3,0,4,0,4
"Leeds","Fulham",1.41,1.48,"1-1",0.3583,0.2481,0.3936,0,3,0,3,0,4,0,4
"Leeds","Liverpool",1.19,2.16,"1-2",0.203,0.2025,0.5945,0,3,0,4,0,4,0,5
"Leeds","Manchester City",0.96,2.35,"0-2",0.139,0.1793,0.6817,0,2,1,4,0,3,0,6
"Leeds","Manchester United",1.32,1.6,"1-1",0.3161,0.2442,0.4396,0,3,0,3,0,4,0,4
"Leeds","Newcastle United",1.28,1.92,"1-1",0.2551,0.2223,0.5227,0,3,0,4,0,4,0,5
"Leeds","Nottingham Forest",1.48,1.36,"1-1",0.4023,0.25,0.3477,0,3,0,3,0,4,0,4
"Leeds","Sunderland",1.21,1.21,"1-1",0.3614,0.2749,0.3636,0,3,0,3,0,4,0,4
"Leeds","Tottenham Hotspur",1.6,1.81,"1-1",0.3426,0.2248,0.4326,0,3,0,4,0,4,0,5
"Leeds","West Ham United",1.64,1.38,"1-1",0.437,0.2402,0.3228,0,3,0,3,0,5,0,4
"Leeds","Wolverhampton Wanderers",1.65,1.15,"1-1",0.4903,0.244,0.2657,0,3,0,3,0,5,0,4
"Liverpool","Arsenal",1.34,1.54,"1-1",0.3322,0.2473,0.4205,0,3,0,3,0,4,0,4
"Liverpool","Aston Villa",2.05,1.18,"2-1",0.5744,0.211,0.2146,0,4,0,3,0,5,0,4
"Liverpool","Bournemouth",2.34,1.02,"2-1",0.6678,0.1823,0.1499,1,4,0,2,0,6,0,3
"Liverpool","Brentford",2.18,1.16,"2-1",0.6062,0.2004,0.1934,0,4,0,3,0,5,0,4
"Liverpool","Brighton",2.18,1.21,"2-1",0.5962,0.2011,0.2027,0,4,0,3,0,5,0,4
"Liverpool","Burnley",2.96,0.79,"2-0",0.8094,0.1204,0.0699,1,5,0,2,0,7,0,3
"Liverpool","Chelsea",2.03,1.16,"2-1",0.5744,0.2125,0.2132,0,4,0,3,0,5,0,4
"Liverpool","Crystal Palace",2.05,0.93,"2-0",0.6331,0.2049,0.162,0,4,0,2,0,5,0,3
"Liverpool","Everton",1.97,0.8,"1-0",0.6481,0.208,0.1438,0,4,0,2,0,5,0,3
"Liverpool","Fulham",2.16,1.04,"2-1",0.629,0.1987,0.1723,0,4,0,2,0,5,0,3
"Liverpool","Leeds",2.62,0.99,"2-0",0.7233,0.1578,0.1188,1,5,0,2,0,6,0,3
"Liverpool","Manchester City",1.48,1.64,"1-1",0.3469,0.2367,0.4164,0,3,0,3,0,4,0,5
"Liverpool","Manchester United",2.03,1.12,"2-1",0.5837,0.212,0.2043,0,4,0,3,0,5,0,4
"Liverpool","Newcastle United",1.97,1.34,"1-1",0.5207,0.2187,0.2607,0,4,0,3,0,5,0,4
"Liverpool","Nottingham Forest",2.28,0.95,"2-0",0.6717,0.1849,0.1434,0,4,0,2,0,6,0,3
"Liverpool","Sunderland",1.86,0.85,"1-0",0.6118,0.2215,0.1667,0,4,0,2,0,5,0,3
"Liverpool","Tottenham Hotspur",2.45,1.27,"2-1",0.6335,0.183,0.1835,1,5,0,3,0,6,0,4
"Liverpool","West Ham United",2.51,0.96,"2-0",0.7107,0.1653,0.124,1,5,0,2,0,6,0,3
"Liverpool","Wolverhampton Wanderers",2.53,0.8,"2-0",0.7486,0.1543,0.0971,1,5,0,2,0,6,0,3
"Manchester City","Arsenal",1.46,1.24,"1-1",0.4207,0.2565,0.3228,0,3,0,3,0,4,0,4
"Manchester City","Aston Villa",2.23,0.95,"2-0",0.6618,0.1894,0.1487,0,4,0,2,0,6,0,3
"Manchester City","Bournemouth",2.54,0.83,"2-0",0.7451,0.155,0.0999,1,5,0,2,0,6,0,3
"Manchester City","Brentford",2.36,0.93,"2-0",0.6917,0.1763,0.132,1,4,0,2,0,6,0,3
"Manchester City","Brighton",2.37,0.97,"2-0",0.6837,0.1778,0.1385,1,4,0,2,0,6,0,3
"Manchester City","Burnley",3.21,0.64,"3-0",0.8632,0.0931,0.0432,1,6,0,2,0,7,0,3
"Manchester City","Chelsea",2.2,0.94,"2-0",0.6612,0.1908,0.148,0,4,0,2,0,6,0,3
"Manchester City","Crystal Palace",2.22,0.75,"2-0",0.7094,0.1794,0.1112,0,4,0,2,0,6,0,3
"Manchester City","Everton",2.13,0.64,"2-0",0.719,0.1819,0.0991,0,4,0,2,0,5,0,3
"Manchester City","Fulham",2.34,0.84,"2-0",0.7094,0.1733,0.1173,1,4,0,2,0,6,0,3
"Manchester City","Leeds",2.84,0.8,"2-0",0.7941,0.1291,0.0766,1,5,0,2,0,7,0,3
"Manchester City","Liverpool",1.99,1.22,"1-1",0.5519,0.2166,0.2316,0,4,0,3,0,5,0,4
"Manchester City","Manchester United",2.2,0.9,"2-0",0.6687,0.1897,0.1417,0,4,0,2,0,5,0,3
"Manchester City","Newcastle United",2.14,1.08,"2-1",0.6142,0.202,0.1838,0,4,0,2,0,5,0,3
"Manchester City","Nottingham Forest",2.47,0.77,"2-0",0.7464,0.1575,0.096,1,5,0,2,0,6,0,3
"Manchester City","Sunderland",2.02,0.69,"2-0",0.6861,0.1973,0.1165,0,4,0,2,0,5,0,3
"Manchester City","Tottenham Hotspur",2.66,1.02,"2-1",0.7208,0.1571,0.122,1,5,0,2,0,6,0,3
"Manchester City","West Ham United",2.73,0.78,"2-0",0.7822,0.1368,0.0808,1,5,0,2,0,6,0,3
"Manchester City","Wolverhampton Wanderers",2.75,0.65,"2-0",0.8112,0.1258,0.0629,1,5,0,2,0,6,0,3
"Manchester United","Arsenal",0.99,1.7,"0-1",0.2196,0.24,0.5404,0,2,0,3,0,3,0,5
"Manchester United","Aston Villa",1.52,1.31,"1-1",0.4223,0.25,0.3277,0,3,0,3,0,4,0,4
"Manchester United","Bournemouth",1.73,1.13,"1-1",0.5143,0.2373,0.2484,0,3,0,3,0,5,0,4
"Manchester United","Brentford",1.61,1.28,"1-1",0.4516,0.2445,0.3039,0,3,0,3,0,4,0,4
"Manchester United","Brighton",1.61,1.33,"1-1",0.4407,0.2428,0.3165,0,3,0,3,0,4,0,4
"Manchester United","Burnley",2.19,0.88,"2-0",0.6731,0.1893,0.1376,0,4,0,2,0,5,0,3
"Manchester United","Chelsea",1.5,1.29,"1-1",0.4231,0.2518,0.3251,0,3,0,3,0,4,0,4
"Manchester United","Crystal Palace",1.51,1.03,"1-1",0.4854,0.2581,0.2566,0,3,0,2,0,4,0,3
"Manchester United","Everton",1.45,0.88,"1-0",0.5048,0.2667,0.2285,0,3,0,2,0,4,0,3
"Manchester United","Fulham",1.59,1.15,"1-1",0.4771,0.2486,0.2743,0,3,0,3,0,4,0,4
"Manchester United","Leeds",1.94,1.09,"1-1",0.571,0.2193,0.2098,0,4,0,2,0,5,0,3
"Manchester United","Liverpool",1.36,1.67,"1-1",0.3115,0.2384,0.4501,0,3,0,3,0,4,0,5
"Manchester United","Manchester City",1.09,1.81,"1-1",0.2276,0.2301,0.5423,0,2,0,4,0,4,0,5
"Manchester United","Newcastle United",1.46,1.48,"1-1",0.3708,0.2459,0.3834,0,3,0,3,0,4,0,4
"Manchester United","Nottingham Forest",1.68,1.05,"1-1",0.5209,0.2419,0.2371,0,3,0,2,0,5,0,3
"Manchester United","Sunderland",1.37,0.94,"1-0",0.4688,0.2743,0.2569,0,3,0,2,0,4,0,3
"Manchester United","Tottenham Hotspur",1.81,1.4,"1-1",0.4722,0.2288,0.299,0,4,0,3,0,5,0,4
"Manchester United","West Ham United",1.86,1.06,"1-1",0.5591,0.226,0.2149,0,4,0,2,0,5,0,3
"Manchester United","Wolverhampton Wanderers",1.87,0.89,"1-0",0.605,0.2212,0.1738,0,4,0,2,0,5,0,3
"Newcastle United","Arsenal",1.19,1.65,"1-1",0.2751,0.2431,0.4818,0,3,0,3,0,4,0,5
"Newcastle United","Aston Villa",1.82,1.27,"1-1",0.5034,0.2295,0.2671,0,4,0,3,0,5,0,4
"Newcastle United","Bournemouth",2.08,1.1,"2-1",0.5989,0.2073,0.1938,0,4,0,2,0,5,0,4
"Newcastle United","Brentford",1.93,1.24,"1-1",0.5349,0.2211,0.244,0,4,0,3,0,5,0,4
"Newcastle United","Brighton",1.94,1.3,"1-1",0.5241,0.2209,0.255,0,4,0,3,0,5,0,4
"Newcastle United","Burnley",2.63,0.85,"2-0",0.7527,0.1495,0.0977,1,5,0,2,0,6,0,3
"Newcastle United","Chelsea",1.8,1.25,"1-1",0.5038,0.231,0.2651,0,4,0,3,0,5,0,4
"Newcastle United","Crystal Palace",1.82,1,"1-0",0.5662,0.229,0.2048,0,4,0,2,0,5,0,3
"Newcastle United","Everton",1.74,0.86,"1-0",0.584,0.234,0.1819,0,4,0,2,0,5,0,3
"Newcastle United","Fulham",1.91,1.11,"1-1",0.5598,0.2217,0.2185,0,4,0,3,0,5,0,4
"Newcastle United","Leeds",2.32,1.06,"2-1",0.6565,0.1852,0.1582,1,4,0,2,0,6,0,3
"Newcastle United","Liverpool",1.63,1.63,"1-1",0.3843,0.2322,0.3836,0,3,0,3,0,5,0,5
"Newcastle United","Manchester City",1.31,1.76,"1-1",0.2864,0.2332,0.4804,0,3,0,4,0,4,0,5
"Newcastle United","Manchester United",1.8,1.2,"1-1",0.5137,0.2316,0.2547,0,4,0,3,0,5,0,4
"Newcastle United","Nottingham Forest",2.02,1.02,"2-1",0.6043,0.2106,0.1851,0,4,0,2,0,5,0,3
"Newcastle United","Sunderland",1.65,0.91,"1-0",0.5469,0.2452,0.2079,0,3,0,2,0,5,0,3
"Newcastle United","Tottenham Hotspur",2.17,1.36,"2-1",0.5595,0.2047,0.2358,0,4,0,3,0,5,0,4
"Newcastle United","West Ham United",2.23,1.03,"2-1",0.6439,0.1924,0.1636,0,4,0,2,0,6,0,3
"Newcastle United","Wolverhampton Wanderers",2.25,0.86,"2-0",0.6868,0.1833,0.1299,0,4,0,2,0,6,0,3
"Nottingham Forest","Arsenal",0.84,1.91,"0-1",0.1596,0.2158,0.6246,0,2,0,4,0,3,0,5
"Nottingham Forest","Aston Villa",1.29,1.47,"1-1",0.333,0.2538,0.4132,0,3,0,3,0,4,0,4
"Nottingham Forest","Bournemouth",1.47,1.27,"1-1",0.4196,0.2543,0.3261,0,3,0,3,0,4,0,4
"Nottingham Forest","Brentford",1.37,1.44,"1-1",0.3593,0.2523,0.3884,0,3,0,3,0,4,0,4
"Nottingham Forest","Brighton",1.37,1.5,"1-1",0.3483,0.2486,0.4031,0,3,0,3,0,4,0,4
"Nottingham Forest","Burnley",1.86,0.98,"1-0",0.5799,0.2242,0.1959,0,4,0,2,0,5,0,3
"Nottingham Forest","Chelsea",1.28,1.44,"1-1",0.3342,0.256,0.4098,0,3,0,3,0,4,0,4
"Nottingham Forest","Crystal Palace",1.29,1.15,"1-1",0.3965,0.2731,0.3303,0,3,0,3,0,4,0,4
"Nottingham Forest","Everton",1.24,0.99,"1-0",0.4186,0.2862,0.2952,0,3,0,2,0,4,0,3
"Nottingham Forest","Fulham",1.36,1.29,"1-1",0.3855,0.2611,0.3534,0,3,0,3,0,4,0,4
"Nottingham Forest","Leeds",1.65,1.22,"1-1",0.4734,0.2429,0.2837,0,3,0,3,0,5,0,4
"Nottingham Forest","Liverpool",1.15,1.88,"1-1",0.2322,0.2249,0.5429,0,3,0,4,0,4,0,5
"Nottingham Forest","Manchester City",0.93,2.04,"0-2",0.164,0.2061,0.6299,0,2,0,4,0,3,0,5
"Nottingham Forest","Manchester United",1.28,1.39,"1-1",0.3441,0.2597,0.3962,0,3,0,3,0,4,0,4
"Nottingham Forest","Newcastle United",1.24,1.67,"1-1",0.2848,0.2414,0.4738,0,3,0,3,0,4,0,5
"Nottingham Forest","Sunderland",1.17,1.05,"1-1",0.3843,0.2888,0.3269,0,3,0,2,0,4,0,3
"Nottingham Forest","Tottenham Hotspur",1.54,1.57,"1-1",0.3741,0.2378,0.3881,0,3,0,3,0,4,0,4
"Nottingham Forest","West Ham United",1.58,1.19,"1-1",0.4631,0.2487,0.2882,0,3,0,3,0,4,0,4
"Nottingham Forest","Wolverhampton Wanderers",1.59,1,"1-0",0.5124,0.2506,0.237,0,3,0,2,0,4,0,3
"Sunderland","Arsenal",0.75,1.56,"0-1",0.18,0.2541,0.5658,0,2,0,3,0,3,0,4
"Sunderland","Aston Villa",1.15,1.2,"1-1",0.3489,0.2799,0.3712,0,3,0,3,0,4,0,4
"Sunderland","Bournemouth",1.32,1.04,"1-1",0.4298,0.2765,0.2937,0,3,0,2,0,4,0,3
"Sunderland","Brentford",1.22,1.17,"1-1",0.3742,0.2768,0.349,0,3,0,3,0,4,0,4
"Sunderland","Brighton",1.23,1.22,"1-1",0.3645,0.2733,0.3622,0,3,0,3,0,4,0,4
"Sunderland","Burnley",1.66,0.8,"1-0",0.5785,0.2422,0.1793,0,3,0,2,0,5,0,3
"Sunderland","Chelsea",1.14,1.18,"1-1",0.3497,0.2823,0.368,0,3,0,3,0,4,0,4
"Sunderland","Crystal Palace",1.15,0.94,"1-0",0.4049,0.2982,0.2969,0,3,0,2,0,4,0,3
"Sunderland","Everton",1.1,0.81,"1-0",0.4226,0.3119,0.2655,0,3,0,2,0,4,0,3
"Sunderland","Fulham",1.21,1.05,"1-1",0.397,0.2852,0.3177,0,3,0,2,0,4,0,3
"Sunderland","Leeds",1.47,1,"1-0",0.481,0.2626,0.2564,0,3,0,2,0,4,0,3
"Sunderland","Liverpool",1.03,1.53,"1-1",0.2546,0.2561,0.4894,0,2,0,3,0,3,0,4
"Sunderland","Manchester City",0.83,1.66,"0-1",0.1861,0.2427,0.5712,0,2,0,3,0,3,0,5
"Sunderland","Manchester United",1.14,1.13,"1-1",0.3584,0.2858,0.3558,0,3,0,3,0,4,0,4
"Sunderland","Newcastle United",1.11,1.36,"1-1",0.3045,0.2695,0.426,0,3,0,3,0,4,0,4
"Sunderland","Nottingham Forest",1.28,0.96,"1-0",0.4362,0.2833,0.2805,0,3,0,2,0,4,0,3
"Sunderland","Tottenham Hotspur",1.38,1.29,"1-1",0.391,0.26,0.3489,0,3,0,3,0,4,0,4
"Sunderland","West Ham United",1.41,0.98,"1-0",0.4704,0.2693,0.2603,0,3,0,2,0,4,0,3
"Sunderland","Wolverhampton Wanderers",1.42,0.81,"1-0",0.5137,0.2713,0.2151,0,3,0,2,0,4,0,3
"Tottenham Hotspur","Arsenal",1.12,2.06,"1-2",0.2019,0.2097,0.5884,0,3,0,4,0,4,0,5
"Tottenham Hotspur","Aston Villa",1.72,1.58,"1-1",0.4148,0.2296,0.3556,0,3,0,3,0,5,0,4
"Tottenham Hotspur","Bournemouth",1.96,1.37,"1-1",0.5141,0.219,0.2669,0,4,0,3,0,5,0,4
"Tottenham Hotspur","Brentford",1.83,1.55,"1-1",0.4458,0.2253,0.3289,0,4,0,3,0,5,0,4
"Tottenham Hotspur","Brighton",1.83,1.61,"1-1",0.4335,0.2236,0.3429,0,4,0,3,0,5,0,4
"Tottenham Hotspur","Burnley",2.48,1.06,"2-1",0.6845,0.1725,0.143,1,5,0,2,0,6,0,3
"Tottenham Hotspur","Chelsea",1.7,1.55,"1-1",0.416,0.2313,0.3527,0,3,0,3,0,5,0,4
"Tottenham Hotspur","Crystal Palace",1.72,1.24,"1-1",0.486,0.2375,0.2765,0,3,0,3,0,5,0,4
"Tottenham Hotspur","Everton",1.65,1.07,"1-1",0.5095,0.2449,0.2456,0,3,0,2,0,5,0,3
"Tottenham Hotspur","Fulham",1.81,1.39,"1-1",0.4748,0.2292,0.296,0,4,0,3,0,5,0,4
"Tottenham Hotspur","Leeds",2.2,1.32,"2-1",0.5742,0.2024,0.2234,0,4,0,3,0,5,0,4
"Tottenham Hotspur","Liverpool",1.54,2.02,"1-2",0.2948,0.2146,0.4905,0,3,0,4,0,4,0,5
"Tottenham Hotspur","Manchester City",1.24,2.19,"1-2",0.2086,0.2013,0.5901,0,3,0,4,0,4,0,5
"Tottenham Hotspur","Manchester United",1.7,1.49,"1-1",0.4271,0.2333,0.3396,0,3,0,3,0,5,0,4
"Tottenham Hotspur","Newcastle United",1.65,1.79,"1-1",0.3584,0.2243,0.4173,0,3,0,4,0,5,0,5
"Tottenham Hotspur","Nottingham Forest",1.91,1.27,"1-1",0.5225,0.2231,0.2544,0,4,0,3,0,5,0,4
"Tottenham Hotspur","Sunderland",1.56,1.14,"1-1",0.4707,0.2519,0.2774,0,3,0,3,0,4,0,4
"Tottenham Hotspur","West Ham United",2.11,1.29,"2-1",0.5623,0.2085,0.2292,0,4,0,3,0,5,0,4
"Tottenham Hotspur","Wolverhampton Wanderers",2.12,1.07,"2-1",0.6137,0.2028,0.1835,0,4,0,2,0,5,0,3
"West Ham United","Arsenal",0.85,2.11,"0-2",0.1408,0.1959,0.6632,0,2,0,4,0,3,0,5
"West Ham United","Aston Villa",1.31,1.62,"1-1",0.3087,0.2431,0.4481,0,3,0,3,0,4,0,4
"West Ham United","Bournemouth",1.49,1.4,"1-1",0.3959,0.2479,0.3563,0,3,0,3,0,4,0,4
"West Ham United","Brentford",1.39,1.59,"1-1",0.3347,0.243,0.4223,0,3,0,3,0,4,0,4
"West Ham United","Brighton",1.39,1.65,"1-1",0.3232,0.2389,0.4379,0,3,0,3,0,4,0,5
"West Ham United","Burnley",1.88,1.09,"1-1",0.56,0.2239,0.2162,0,4,0,2,0,5,0,3
"West Ham United","Chelsea",1.29,1.59,"1-1",0.3102,0.2454,0.4444,0,3,0,3,0,4,0,4
"West Ham United","Crystal Palace",1.3,1.27,"1-1",0.3748,0.2655,0.3598,0,3,0,3,0,4,0,4
"West Ham United","Everton",1.25,1.09,"1-1",0.3989,0.2793,0.3218,0,3,0,2,0,4,0,4
"West Ham United","Fulham",1.37,1.42,"1-1",0.3621,0.253,0.3849,0,3,0,3,0,4,0,4
"West Ham United","Leeds",1.67,1.35,"1-1",0.4498,0.2389,0.3113,0,3,0,3,0,5,0,4
"West Ham United","Liverpool",1.17,2.07,"1-2",0.2085,0.2091,0.5824,0,3,0,4,0,4,0,5
"West Ham United","Manchester City",0.94,2.25,"0-2",0.1441,0.1868,0.669,0,2,0,4,0,3,0,6
"West Ham United","Manchester United",1.29,1.53,"1-1",0.3204,0.2496,0.43,0,3,0,3,0,4,0,4
"West Ham United","Newcastle United",1.25,1.84,"1-1",0.2603,0.2282,0.5115,0,3,0,4,0,4,0,5
"West Ham United","Nottingham Forest",1.45,1.3,"1-1",0.4054,0.2546,0.3401,0,3,0,3,0,4,0,4
"West Ham United","Sunderland",1.18,1.16,"1-1",0.3641,0.2803,0.3556,0,3,0,3,0,4,0,4
"West Ham United","Tottenham Hotspur",1.56,1.74,"1-1",0.3475,0.2295,0.423,0,3,0,3,0,4,0,5
"West Ham United","Wolverhampton Wanderers",1.61,1.1,"1-1",0.4919,0.2479,0.2602,0,3,0,2,0,4,0,4
"Wolverhampton Wanderers","Arsenal",0.71,2.13,"0-2",0.1124,0.1869,0.7007,0,2,0,4,0,3,0,5
"Wolverhampton Wanderers","Aston Villa",1.09,1.63,"1-1",0.2539,0.246,0.5,0,2,0,3,0,4,0,5
"Wolverhampton Wanderers","Bournemouth",1.24,1.41,"1-1",0.3313,0.2595,0.4092,0,3,0,3,0,4,0,4
"Wolverhampton Wanderers","Brentford",1.16,1.6,"1-1",0.2763,0.2481,0.4755,0,3,0,3,0,4,0,4
"Wolverhampton Wanderers","Brighton",1.16,1.67,"1-1",0.2659,0.2425,0.4916,0,3,0,3,0,4,0,5
"Wolverhampton Wanderers","Burnley",1.57,1.1,"1-1",0.4843,0.2513,0.2645,0,3,0,2,0,4,0,4
"Wolverhampton Wanderers","Chelsea",1.08,1.61,"1-1",0.2555,0.2487,0.4958,0,2,0,3,0,3,0,4
"Wolverhampton Wanderers","Crystal Palace",1.09,1.28,"1-1",0.3145,0.2771,0.4084,0,2,0,3,0,3,0,4
"Wolverhampton Wanderers","Everton",1.05,1.1,"1-1",0.3378,0.2953,0.3669,0,2,0,3,0,3,0,4
"Wolverhampton Wanderers","Fulham",1.15,1.43,"1-1",0.3018,0.2618,0.4364,0,3,0,3,0,4,0,4
"Wolverhampton Wanderers","Leeds",1.39,1.36,"1-1",0.3796,0.2552,0.3652,0,3,0,3,0,4,0,4
"Wolverhampton Wanderers","Liverpool",0.97,2.09,"0-2",0.167,0.2026,0.6305,0,2,0,4,0,3,0,5
"Wolverhampton Wanderers","Manchester City",0.79,2.27,"0-2",0.1142,0.1772,0.7086,0,2,0,4,0,3,0,6
"Wolverhampton Wanderers","Manchester United",1.08,1.54,"1-1",0.2648,0.2542,0.481,0,2,0,3,0,3,0,4
"Wolverhampton Wanderers","Newcastle United",1.05,1.85,"1-1",0.2113,0.2261,0.5626,0,2,0,4,0,3,0,5
"Wolverhampton Wanderers","Nottingham Forest",1.21,1.32,"1-1",0.3409,0.268,0.3911,0,3,0,3,0,4,0,4
"Wolverhampton Wanderers","Sunderland",0.99,1.17,"0-1",0.3065,0.2927,0.4008,0,2,0,3,0,3,0,4
"Wolverhampton Wanderers","Tottenham Hotspur",1.3,1.75,"1-1",0.2856,0.2341,0.4803,0,3,0,4,0,4,0,5
"Wolverhampton Wanderers","West Ham United",1.34,1.33,"1-1",0.3713,0.2601,0.3686,0,3,0,3,0,4,0,4
